max,min
9.9827317,1.0202724e-12
