max,min
9.4724115,0.0014425558
